generation,best_fitness,mean_fitness,worst_fitness,std_fitness,best_x1,best_x2,num_crossovers,num_mutations,best_fitness_so_far
1,3.6920088310394097,7.982277009325942,11.976538858819733,2.3175967467291,-0.5384372442596934,-0.24295073774066278,21,3,3.6920088310394097
2,3.6920088310394097,6.708285573061416,11.213684806269624,1.87172256835036,-0.5384372442596934,-0.24295073774066278,23,3,3.6920088310394097
3,3.342284290910293,6.0074288501143664,10.008906993220874,1.6869138326565662,0.0961553288201793,0.6874119595289372,21,2,3.342284290910293
4,3.342284290910293,5.529634818737662,9.962747170062604,1.5275244733656903,0.0961553288201793,0.6874119595289372,19,2,3.342284290910293
5,3.342284290910293,4.7320877570823585,8.610463287406553,1.1148583577826232,0.0961553288201793,0.6874119595289372,14,3,3.342284290910293
6,3.20087375970984,4.459888343694838,6.753861367170462,0.8087240222083829,0.0961553288201793,1.0762956540714,21,5,3.20087375970984
7,2.2250355246067497,4.062637880338985,5.214185607998974,0.5808706538753078,0.0961553288201793,-0.28903793856867477,19,1,2.2250355246067497
8,1.9009808308353127,3.894732121252199,5.78803059766603,0.7301210505875438,0.0961553288201793,-0.24295073774066278,21,2,1.9009808308353127
9,1.9009808308353127,3.639197640786817,4.971999076039136,0.7679191016778437,0.0961553288201793,-0.24295073774066278,17,3,1.9009808308353127
10,1.9009808308353127,3.29859551228398,4.550670553991598,0.7289952103927085,0.0961553288201793,-0.24295073774066278,18,3,1.9009808308353127
11,1.9009808308353127,2.9789187977980083,4.837783280621807,0.6748237187635454,0.0961553288201793,-0.24295073774066278,18,1,1.9009808308353127
12,0.5153084060492117,2.6594343276743007,4.319262843305168,0.7367578669312147,0.0961553288201793,0.019602851677454458,18,2,0.5153084060492117
13,0.5153084060492117,2.472938976873488,4.137508454833075,0.6967623640166455,0.0961553288201793,0.019602851677454458,18,2,0.5153084060492117
14,0.5153084060492117,2.176237800209944,3.5729925784842504,0.6502498767335483,0.0961553288201793,0.019602851677454458,23,2,0.5153084060492117
15,0.11817857577153434,1.8407294035847308,2.9360780993453557,0.6126342394831895,0.025457577748278212,0.019602851677454458,19,1,0.11817857577153434
16,0.0659813297404388,1.525168077895149,2.8166380640565163,0.758276814498752,-0.0018468201023286307,0.019602851677454458,23,3,0.0659813297404388
17,0.0659813297404388,1.1561036364357817,4.653808169631873,0.8851886765095822,-0.0018468201023286307,0.019602851677454458,19,2,0.0659813297404388
18,0.0659813297404388,0.9049033109936064,3.3598654089448314,0.9194372123557001,-0.0018468201023286307,0.019602851677454458,21,3,0.0659813297404388
19,0.0659813297404388,0.5051963114507498,1.9009808308353127,0.48125385320321545,-0.0018468201023286307,0.019602851677454458,20,1,0.0659813297404388
20,0.0659813297404388,0.4421928196547422,3.2569101798746556,0.6088299834202076,-0.0018468201023286307,0.019602851677454458,17,3,0.0659813297404388
21,0.0659813297404388,0.4097597970618224,2.1930139587661768,0.324595385123726,-0.0018468201023286307,0.019602851677454458,19,3,0.0659813297404388
22,0.0659813297404388,0.5422549295840393,2.854051631617527,0.5640081337758706,-0.0018468201023286307,0.019602851677454458,24,5,0.0659813297404388
23,0.0659813297404388,0.38875208003629835,3.1107604666698205,0.4477314997475048,-0.0018468201023286307,0.019602851677454458,20,1,0.0659813297404388
24,0.0659813297404388,0.35704538609499004,2.5314674140500917,0.39468270947070705,-0.0018468201023286307,0.019602851677454458,18,1,0.0659813297404388
25,0.0659813297404388,0.5245389921393409,3.170041980858198,0.7428505772553672,-0.0018468201023286307,0.019602851677454458,23,5,0.0659813297404388
26,0.0659813297404388,0.32966550466529904,3.218044899705458,0.4767985763492979,-0.0018468201023286307,0.019602851677454458,14,1,0.0659813297404388
27,0.0659813297404388,0.3695926469621662,3.301701190887919,0.6009211387068508,-0.0018468201023286307,0.019602851677454458,15,2,0.0659813297404388
28,0.0659813297404388,0.4639720697103855,3.2098032427909975,0.7570762278974523,-0.0018468201023286307,0.019602851677454458,22,4,0.0659813297404388
29,0.0659813297404388,0.28331885558833997,2.402723119713461,0.36268800258377115,-0.0018468201023286307,0.019602851677454458,17,2,0.0659813297404388
30,0.0659813297404388,0.29097965244962476,3.0827193236374595,0.4439437815006788,-0.0018468201023286307,0.019602851677454458,22,1,0.0659813297404388
31,0.0659813297404388,0.33749884220403004,4.255211135460986,0.7277154334680146,-0.0018468201023286307,0.019602851677454458,22,3,0.0659813297404388
32,0.0659813297404388,0.21385959229389356,3.000956739274827,0.4243143923391716,-0.0018468201023286307,0.019602851677454458,17,2,0.0659813297404388
33,0.0659813297404388,0.22126766899806732,3.2574672509785825,0.46465697935124595,-0.0018468201023286307,0.019602851677454458,17,3,0.0659813297404388
34,0.0659813297404388,0.3274631855373286,3.2237579721268017,0.7401319021006307,-0.0018468201023286307,0.019602851677454458,21,5,0.0659813297404388
35,0.0659813297404388,0.2893381275495441,3.1955750319295047,0.6508604092603988,-0.0018468201023286307,0.019602851677454458,22,3,0.0659813297404388
36,0.0659813297404388,0.08320747046236249,0.11817857577153434,0.024076463065210343,-0.0018468201023286307,0.019602851677454458,20,0,0.0659813297404388
37,0.0659813297404388,0.30195411178919196,3.2543328011138546,0.801150314288046,-0.0018468201023286307,0.019602851677454458,22,4,0.0659813297404388
38,0.0659813297404388,0.17379955020967977,2.929233112939244,0.5276050556537588,-0.0018468201023286307,0.019602851677454458,23,2,0.0659813297404388
39,0.0659813297404388,0.24786775674197103,3.1423289688479845,0.6590867639617607,-0.0018468201023286307,0.019602851677454458,24,3,0.0659813297404388
40,0.0659813297404388,0.2164399158238335,3.170246372483391,0.6164795173579788,-0.0018468201023286307,0.019602851677454458,23,4,0.0659813297404388
41,0.0659813297404388,0.2115049575019411,3.173352759794039,0.5330949376560418,-0.0018468201023286307,0.019602851677454458,22,3,0.0659813297404388
42,0.0659813297404388,0.29063471808301505,2.8459370966436563,0.6792069886385642,-0.0018468201023286307,0.019602851677454458,22,4,0.0659813297404388
43,0.05509309067476709,0.1633944734083036,3.0059188663988086,0.4717580229841685,-0.0018468201023286307,0.016719078586062835,20,4,0.05509309067476709
44,0.05509309067476709,0.06795480412612465,0.10176471680226173,0.007424987524660862,-0.0018468201023286307,0.016719078586062835,19,1,0.05509309067476709
45,0.05116171862174257,0.14228811418397533,1.8141453171830837,0.32650570383375904,-0.0018468201023286307,0.015647356615091253,17,4,0.05116171862174257
46,0.05116171862174257,0.2394789446611381,3.2550167531713794,0.6715513680327201,-0.0018468201023286307,0.015647356615091253,21,4,0.05116171862174257
47,0.05116171862174257,0.2683284578265479,3.06544114642189,0.6957012593722499,-0.0018468201023286307,0.015647356615091253,19,4,0.05116171862174257
48,0.05116171862174257,0.25563180816475023,2.670665949744475,0.5955590928393583,-0.0018468201023286307,0.015647356615091253,21,4,0.05116171862174257
49,0.05116171862174257,0.11838604910646006,1.5429866328798352,0.2710605375965208,-0.0018468201023286307,0.015647356615091253,21,1,0.05116171862174257
50,0.05116171862174257,0.20755119908679262,2.721426556211878,0.5398038328430478,-0.0018468201023286307,0.015647356615091253,22,4,0.05116171862174257
51,0.05116171862174257,0.23887534770644095,3.0337249825918637,0.6103383913234427,-0.0018468201023286307,0.015647356615091253,20,4,0.05116171862174257
52,0.05116171862174257,0.12040787528114137,1.3416884847911246,0.25272071438548466,-0.0018468201023286307,0.015647356615091253,24,1,0.05116171862174257
53,0.05116171862174257,0.1895956394711492,3.166315813997674,0.5933396282648535,-0.0018468201023286307,0.015647356615091253,21,2,0.05116171862174257
54,0.05116171862174257,0.16089961595370306,2.7908699706227265,0.4897468324202023,-0.0018468201023286307,0.015647356615091253,21,2,0.05116171862174257
55,0.05116171862174257,0.10648047057711779,2.3053697942487834,0.31419560319666184,-0.0018468201023286307,0.015647356615091253,23,0,0.05116171862174257
56,0.05116171862174257,0.22156718721214638,3.1046993333784774,0.6467948214995459,-0.0018468201023286307,0.015647356615091253,22,3,0.05116171862174257
57,0.05116171862174257,0.21417726872424417,3.108550606314339,0.5678145410752053,-0.0018468201023286307,0.015647356615091253,23,3,0.05116171862174257
58,0.05116171862174257,0.25519776331894733,2.1226331505703375,0.4727661486630565,-0.0018468201023286307,0.015647356615091253,20,5,0.05116171862174257
59,0.05116171862174257,0.26816594853322956,3.498454845196218,0.5944572864077878,-0.0018468201023286307,0.015647356615091253,18,2,0.05116171862174257
60,0.05116171862174257,0.15982023729057843,2.267724842064052,0.37666791793177523,-0.0018468201023286307,0.015647356615091253,18,2,0.05116171862174257
61,0.04084266811205284,0.20998069186008686,3.2490556961846377,0.5511108896092983,-0.0018468201023286307,-0.012747189097307397,22,4,0.04084266811205284
62,0.04084266811205284,0.1977229388804507,3.207354152485927,0.4835085677622428,-0.0018468201023286307,-0.012747189097307397,15,1,0.04084266811205284
63,0.04084266811205284,0.23917552117510305,2.5941981518673,0.4915741241926124,-0.0018468201023286307,-0.012747189097307397,21,3,0.04084266811205284
64,0.04084266811205284,0.17034887254761905,2.2469132007886086,0.3625630067127475,-0.0018468201023286307,-0.012747189097307397,22,2,0.04084266811205284
65,0.04084266811205284,0.10831923567364818,0.3604269754377829,0.09502070782144509,-0.0018468201023286307,-0.012747189097307397,17,1,0.04084266811205284
66,0.04084266811205284,0.17390046775981688,2.6702351901104078,0.5031262084210719,-0.0018468201023286307,-0.012747189097307397,20,2,0.04084266811205284
67,0.04084266811205284,0.11289892684070033,1.2508142998369505,0.21739419598480078,-0.0018468201023286307,-0.012747189097307397,21,2,0.04084266811205284
68,0.04084266811205284,0.06808794493300882,0.2554164072120817,0.048018284431057476,-0.0018468201023286307,-0.012747189097307397,19,0,0.04084266811205284
69,0.04084266811205284,0.2568472741226843,3.2565589754303557,0.7496283696389978,-0.0018468201023286307,-0.012747189097307397,21,5,0.04084266811205284
70,0.04084266811205284,0.13465978139264848,3.252292911402002,0.4549784543563732,-0.0018468201023286307,-0.012747189097307397,19,1,0.04084266811205284
71,0.04084266811205284,0.186044335162359,4.071596383803957,0.5872203355230229,-0.0018468201023286307,-0.012747189097307397,20,2,0.04084266811205284
72,0.04084266811205284,0.1779475992569619,3.145027081516844,0.5744143331174756,-0.0018468201023286307,-0.012747189097307397,20,2,0.04084266811205284
73,0.04084266811205284,0.1180225736235959,2.7328668243367287,0.37501914462126656,-0.0018468201023286307,-0.012747189097307397,20,1,0.04084266811205284
74,0.04084266811205284,0.06494878925157453,0.14427454011112717,0.03540177929660343,-0.0018468201023286307,-0.012747189097307397,21,0,0.04084266811205284
75,0.04084266811205284,0.08539619339229873,1.6087100482044439,0.22114457787989922,-0.0018468201023286307,-0.012747189097307397,14,2,0.04084266811205284
76,0.015712625676908676,0.15529767438355407,2.9212196847797363,0.4696299882951517,-0.0018468201023286307,0.004958947112135738,18,5,0.015712625676908676
77,0.015712625676908676,0.18550078598923725,2.7502746677029895,0.5702801550474431,-0.0018468201023286307,0.004958947112135738,22,3,0.015712625676908676
78,0.015712625676908676,0.1251693171585903,2.1540215265681124,0.3614436304777807,-0.0018468201023286307,0.004958947112135738,17,3,0.015712625676908676
79,0.015712625676908676,0.2268607742611807,3.158477100366199,0.6645856903287618,-0.0018468201023286307,0.004958947112135738,23,4,0.015712625676908676
80,0.015712625676908676,0.34953046183126396,3.154261163787528,0.8570657913259823,-0.0018468201023286307,0.004958947112135738,21,5,0.015712625676908676
81,0.015712625676908676,0.10172826386626382,2.0007597118117144,0.28831350348594176,-0.0018468201023286307,0.004958947112135738,21,2,0.015712625676908676
82,0.015712625676908676,0.07215183211807175,0.629719593320655,0.11015073539673226,-0.0018468201023286307,0.004958947112135738,20,0,0.015712625676908676
83,0.015712625676908676,0.08301943265358325,1.586486568718254,0.22175912914102322,-0.0018468201023286307,0.004958947112135738,16,1,0.015712625676908676
84,0.015712625676908676,0.16715143899678367,2.7060331177411006,0.4847627283431582,-0.0018468201023286307,0.004958947112135738,21,3,0.015712625676908676
85,0.015712625676908676,0.16541224017108747,3.1562324367277026,0.5160806302174235,-0.0018468201023286307,0.004958947112135738,14,1,0.015712625676908676
86,0.015712625676908676,0.1122246606833312,2.0606838980116007,0.2961289435563302,-0.0018468201023286307,0.004958947112135738,20,1,0.015712625676908676
87,0.015712625676908676,0.08055037448726766,0.9749702074630986,0.15502215412072265,-0.0018468201023286307,0.004958947112135738,24,1,0.015712625676908676
88,0.015712625676908676,0.21355355366212808,5.623887163738292,0.875140973498141,-0.0018468201023286307,0.004958947112135738,20,2,0.015712625676908676
89,0.015712625676908676,0.24558078967104768,2.994497634079828,0.6764733206361101,-0.0018468201023286307,0.004958947112135738,23,4,0.015712625676908676
90,0.015712625676908676,0.15020688644689195,3.230146116799592,0.5066846078050435,-0.0018468201023286307,0.004958947112135738,17,1,0.015712625676908676
91,0.015712625676908676,0.12466098325777601,2.585491965070141,0.4268814655276089,-0.0018468201023286307,0.004958947112135738,20,1,0.015712625676908676
92,0.015712625676908676,0.396124149058343,3.25211124044564,0.962202764767346,-0.0018468201023286307,0.004958947112135738,22,6,0.015712625676908676
93,0.015712625676908676,0.14276003929383854,2.5848514762238293,0.4983145945377544,-0.0018468201023286307,0.004958947112135738,20,0,0.015712625676908676
94,0.015712625676908676,0.07962638700444723,2.0384238511367134,0.28021777390212943,-0.0018468201023286307,0.004958947112135738,22,1,0.015712625676908676
95,0.015712625676908676,0.12724422394504897,2.9939627095539803,0.454578303881666,-0.0018468201023286307,0.004958947112135738,23,2,0.015712625676908676
96,0.015712625676908676,0.07256215185969256,1.2449048750197034,0.18207849927361688,-0.0018468201023286307,0.004958947112135738,20,2,0.015712625676908676
97,0.015712625676908676,0.1226421759170308,2.225553363757229,0.4019129344661921,-0.0018468201023286307,0.004958947112135738,23,3,0.015712625676908676
98,0.015712625676908676,0.042956053463593824,0.14299287103590475,0.02089427730789726,-0.0018468201023286307,0.004958947112135738,21,0,0.015712625676908676
99,0.015712625676908676,0.06433239547906078,1.5604737921636667,0.21445320773866275,-0.0018468201023286307,0.004958947112135738,23,1,0.015712625676908676
100,0.015712625676908676,0.08371791508489465,2.4943006795105274,0.3448140183980178,-0.0018468201023286307,0.004958947112135738,21,1,0.015712625676908676
